Enrollment Id,Company Name,Android APIs,Chrome APIs,SDK Names,Site
HPFWR,2K Games,Protected-Audience ,Attribution-Reporting Private-Aggregation Protected-Audience Shared-Storage Topics ,,https://2k.com
B5WWG,33Across,,Attribution-Reporting Private-Aggregation Protected-Audience Shared-Storage Topics ,,https://33across.com
YWEHT,AWIN AG,,Attribution-Reporting ,,https://wepowerconnections.com
V84E9,Accertify Inc,,Attribution-Reporting Private-Aggregation Protected-Audience Shared-Storage Topics ,,https://cdn-net.com
M4ZZG,Acxiom,,Attribution-Reporting Protected-Audience Shared-Storage Topics ,,https://acxiom.com
U3DCP,AdTheorent Inc.,,Attribution-Reporting Private-Aggregation Protected-Audience Shared-Storage Topics ,,https://adentifi.com
RCW2F,Adform,,Attribution-Reporting Private-Aggregation Protected-Audience Shared-Storage Topics ,,https://adform.net
XG7AT,Adikteev,Attribution-Reporting Protected-Audience ,,,https://adikteev.com
67J8J,Adjust,Attribution-Reporting Protected-Audience ,,,https://adjust.com
WAZQK,Admixer,Attribution-Reporting Protected-Audience ,Attribution-Reporting Private-Aggregation Protected-Audience Shared-Storage Topics ,,https://admixer.net
FAPVJ,Adnami ApS,,Attribution-Reporting Private-Aggregation Protected-Audience Shared-Storage Topics ,,https://adnami.io
EMFBR,Adobe Inc.,,Attribution-Reporting Private-Aggregation Protected-Audience Shared-Storage Topics ,,https://everesttech.net
K5HGK,Adswizz Inc.,Protected-Audience Topics ,Private-Aggregation Protected-Audience Shared-Storage Topics ,com.adswizz.sdk,https://adswizz.com
6NECT,AffinityAnswers,Attribution-Reporting Protected-Audience ,Attribution-Reporting Private-Aggregation Protected-Audience Shared-Storage Topics ,,https://affinityanswers.com
ZAXTN,AlgoriX Technology Pte. Ltd.,Protected-Audience Topics ,Private-Aggregation Protected-Audience Shared-Storage Topics ,com.alxad,https://open-bid.com
V28N2,Amazon,,Protected-Audience ,,https://amazon-adsystem.com
XRXG9,Amazon,,Attribution-Reporting Private-Aggregation Shared-Storage ,,https://paa-reporting-advertising.amazon
MY67Q,Anonymised,,Attribution-Reporting Private-Aggregation Protected-Audience Shared-Storage Topics ,,https://anonymised.io
J4KNU,Ansira Partners,Protected-Audience ,Private-Aggregation Protected-Audience Shared-Storage Topics ,,https://admission.net
ZNWX8,AntVoice,,Attribution-Reporting Private-Aggregation Protected-Audience Shared-Storage Topics ,,https://avads.net
3VT6H,AppLovin,Attribution-Reporting Protected-Audience Topics ,,com.applovin.sdk,https://applovin.com
59AGN,Appier Inc,Attribution-Reporting Protected-Audience ,Attribution-Reporting Private-Aggregation Protected-Audience Shared-Storage Topics ,,https://appier.net
8XPN2,Appnext PTE,Attribution-Reporting Protected-Audience Topics ,,com.appnext.sdk,https://appnext.com
4MYKT,AppsFlyer,Attribution-Reporting Protected-Audience ,Attribution-Reporting Private-Aggregation Protected-Audience Shared-Storage ,,https://appsflyer.com
VVG5D,Aqfer Inc.,,Attribution-Reporting Private-Aggregation Topics ,,https://aqfer.com
UTKBT,AristUnited (Wider Planet),,Attribution-Reporting Private-Aggregation Protected-Audience Shared-Storage Topics ,,https://artistunited.com
79QP3,Atirun Techs Pvt. Ltd.,,Topics ,,https://atirun.com
7AWA5,AudienceProject,,Private-Aggregation Protected-Audience Shared-Storage Topics ,,https://audienceproject.com
FBP3P,Audigent,Protected-Audience ,Attribution-Reporting Private-Aggregation Protected-Audience Shared-Storage Topics ,,https://ad.gt
9MY67,AviviD.ai,,Attribution-Reporting Private-Aggregation Protected-Audience Shared-Storage Topics ,,https://advividnetwork.com
PCQKH,Azerion Technology B.V.,,Attribution-Reporting Private-Aggregation Protected-Audience Shared-Storage Topics ,,https://360yield.com
R9EAN,Basis.com,,Attribution-Reporting ,,https://sitescout.com
T6QZJ,BidTheatre,,Attribution-Reporting Private-Aggregation Protected-Audience Shared-Storage Topics ,,https://bidtheatre.net
ZX8UV,Blendee (formerly Neodata),Protected-Audience Topics ,Attribution-Reporting Private-Aggregation Protected-Audience Shared-Storage Topics ,com.neodatagroup.sdk.exaudi,https://blendee.com
ZX5NP,Blockthrough,,Attribution-Reporting Private-Aggregation Protected-Audience Shared-Storage Topics ,,https://btloader.com
WJXKE,Blue Media Services,Protected-Audience ,Protected-Audience ,,https://bluems.com
VRJ4V,BlueCoat Consulting LLC,,Attribution-Reporting Private-Aggregation Protected-Audience Shared-Storage Topics ,,https://fob1020.com
FE8WW,Border Blue Inc.,,Topics ,,https://convertunits.com
4Q4WH,Branch Metrics Inc.,Attribution-Reporting ,,,https://branch.io
3CMUR,Bytedance Pte. Ltd,Attribution-Reporting Protected-Audience Topics ,,com.bytedance,https://sgsnssdk.com
U4RGB,CARSALES.COM LIMITED,,Protected-Audience ,,https://audience360.com.au
ZN6A4,CRAID inc.,,Attribution-Reporting Private-Aggregation Protected-Audience Shared-Storage Topics ,,https://admatrix.jp
RHZ6B,Captify Technologies Ltd,,Attribution-Reporting Private-Aggregation Protected-Audience Topics ,,https://cpx.to
DNABN,Cazamba,,Private-Aggregation Topics ,,https://cazamba.com
Y9AU8,Cint AB,,Attribution-Reporting Private-Aggregation Shared-Storage Topics ,,https://samplicio.us
HFBQW,Clickforce,Protected-Audience ,Attribution-Reporting Private-Aggregation Protected-Audience Shared-Storage Topics ,,https://holmesmind.com
G9X8G,Connatix Holdings Inc.,Topics ,Topics ,com.cnx.connatixplayersdk.external,https://connatix.com
JDM8V,Coolblue,Protected-Audience ,Protected-Audience ,,https://coolblue.nl
NNVVX,Coupang,,Protected-Audience Topics ,,https://coupang.com
GCUDR,Crimtan Holding Ltd,Protected-Audience ,Attribution-Reporting Private-Aggregation Protected-Audience Shared-Storage Topics ,,https://ctnsnet.com
TVFPR,Criteo,,Attribution-Reporting Private-Aggregation Protected-Audience Shared-Storage Topics ,,https://criteo.com
289PD,CyberAgent Inc.,Attribution-Reporting Protected-Audience ,Attribution-Reporting Private-Aggregation Protected-Audience Shared-Storage Topics ,,https://dynalyst.jp
H9BKB,D EDGE SAS,,Attribution-Reporting ,,https://d-edgeconnect.media
V9BD4,D.A.Consortium Inc.,,Attribution-Reporting Private-Aggregation Protected-Audience Shared-Storage Topics ,,https://impact-ad.jp
R3CU8,DAILY MAIL AND GENERAL TRUST P L C (dailymail.co.uk),Protected-Audience Topics ,Protected-Audience Shared-Storage Topics ,,https://dailymail.co.uk
5UTQW,DAILY MAIL AND GENERAL TRUST P L C (metro.co.uk),Protected-Audience ,Protected-Audience Shared-Storage Topics ,,https://metro.co.uk
FK2VMC,Dailymotion SA,,Attribution-Reporting Protected-Audience Shared-Storage Topics ,,https://dailymotion.com
M5DW9,Dataseat Ltd,Attribution-Reporting Protected-Audience ,,,https://dataseat.com
XKHNY,Deepintent Inc.,,Protected-Audience Topics ,,https://deepintent.com
VNJQ4,Digital Turbine,Topics ,,com.fyber.inneractive.sdk,https://digitalturbine.com
28CUQ,Display.io,Attribution-Reporting Protected-Audience Topics ,Attribution-Reporting Private-Aggregation Protected-Audience Shared-Storage Topics ,com.brandio.ads,https://display.io
UKB3K,DotDash Meredith,,Attribution-Reporting Private-Aggregation Protected-Audience Shared-Storage Topics ,,https://dotdashmeredith.com
5RUDT,Dstillery,,Attribution-Reporting Private-Aggregation Topics ,,https://media6degrees.com
8GNYH,E MARKETINGSOLUTIONS ONLINE MARKETING SL.,Protected-Audience ,Attribution-Reporting Private-Aggregation Protected-Audience Shared-Storage Topics ,,https://uinterbox.com
NX44Q,EDAA (European Interactive Digital Advertising Alliance),,Shared-Storage ,,https://youronlinechoices.eu
DYUCD,EFFINITY,,Attribution-Reporting Private-Aggregation Protected-Audience Shared-Storage Topics ,,https://effinity.fr
NZ42Y,EMBRACE Systems GmbH,,Attribution-Reporting Protected-Audience Topics ,,https://s-f.tech
3CZMB,Emego GmbH (usemax),,Attribution-Reporting ,,https://usemax.de
NDZTB,Epsilon Data Management LLC,,Attribution-Reporting Private-Aggregation Protected-Audience Shared-Storage Topics ,,https://dotomi.com
JAZF9,Equativ,,Attribution-Reporting Private-Aggregation Protected-Audience Shared-Storage Topics ,,https://sascdn.com
3M9NV,Exponential Interactive Inc d/b/a VDX.tv,,Attribution-Reporting Private-Aggregation Protected-Audience Shared-Storage Topics ,,https://tribalfusion.com
JVC54,Ezoic Inc,,Attribution-Reporting Private-Aggregation Protected-Audience Shared-Storage Topics ,,https://ezoic.com
WMWCH,FAN Communications Inc.,Topics ,,net.nend.android,
4UZY5,FINN.no as,,Protected-Audience Shared-Storage Topics ,,https://finn.no
5R9NV,Fandom Inc.,,Protected-Audience Topics ,,https://fandom.com
66GYX,Feathr,,Attribution-Reporting Private-Aggregation Protected-Audience Shared-Storage Topics ,,https://feathr.co
VTNM7,FreakOut inc.,,Attribution-Reporting Private-Aggregation Protected-Audience Shared-Storage Topics ,,https://fout.jp
5HXYX,Freestar,,Attribution-Reporting Private-Aggregation Protected-Audience Shared-Storage Topics ,,https://pub.network
KJHP2,Freestar,,Attribution-Reporting Private-Aggregation Protected-Audience Shared-Storage Topics ,,https://t13.io
UJ4KK,GMO AD MARKETING Inc,,Attribution-Reporting Private-Aggregation Protected-Audience Shared-Storage Topics ,,https://gmossp-sp.jp
HX396,GOKWIK COMMERCE SOLUTIONS PRIVATE LIMITED,,Private-Aggregation Protected-Audience Shared-Storage ,,https://gokwik.co
2R5T2,Gamefort,,Shared-Storage Topics ,,https://torneos.gg
3KEGT,Geniee Inc,,Attribution-Reporting Private-Aggregation Protected-Audience Shared-Storage Topics ,,https://gsspat.jp
JN58Z,Getyourguide Inc.,,Shared-Storage ,,https://getyourguide.com
ZAGU6,Globo,,Attribution-Reporting Protected-Audience Topics ,,https://globo.com
9VKC2,Globo Comunicacao e Participacoes SA (Globo),Protected-Audience ,Attribution-Reporting Private-Aggregation Protected-Audience Shared-Storage Topics ,,https://gama.globo
HJ9V7,Google LLC (PS APIs Monitoring),Attribution-Reporting ,Attribution-Reporting ,,https://ptb-msmt-static-5jyy5ulagq-uc.a.run.app
HJMAH,Google LLC (PS APIs Monitoring),Attribution-Reporting Protected-Audience ,,,https://ptb-ba-seller-5jyy5ulagq-uc.a.run.app
Z5T3R,Google LLC (PS APIs Monitoring),Attribution-Reporting Protected-Audience ,,,https://ptb-ba-buyer-5jyy5ulagq-uc.a.run.app
ptb,Google LLC (PS APIs Monitoring),Protected-Audience Topics ,,com.google.android.libraries.internal.sampleads,https://ptb-fledge-static-5jyy5ulagq-uc.a.run.app
3QN67,Google LLC (Privacy Sandbox Demos),,Attribution-Reporting Private-Aggregation Protected-Audience Shared-Storage Topics ,,https://privacy-sandcastle-dev-ssp-a.web.app
5W6R6,Google LLC (Privacy Sandbox Demos),,Attribution-Reporting Private-Aggregation Protected-Audience Shared-Storage Topics ,,https://privacy-sandbox-demos-dsp-a.dev
66DAC,Google LLC (Privacy Sandbox Demos),,Attribution-Reporting Private-Aggregation Protected-Audience Shared-Storage Topics ,,https://privacy-sandcastle-dev-dsp-b1.web.app
8MV3J,Google LLC (Privacy Sandbox Demos),,Attribution-Reporting Private-Aggregation Protected-Audience Shared-Storage Topics ,,https://privacy-sandcastle-dev-ad-server.web.app
EQPDM,Google LLC (Privacy Sandbox Demos),,Attribution-Reporting Private-Aggregation Protected-Audience Shared-Storage Topics ,,https://privacy-sandbox-demos-ssp.dev
FFH4Y,Google LLC (Privacy Sandbox Demos),,Attribution-Reporting Private-Aggregation Protected-Audience Shared-Storage Topics ,,https://privacy-sandcastle-dev-dsp-a1.web.app
HBTNJ,Google LLC (Privacy Sandbox Demos),,Attribution-Reporting Private-Aggregation Protected-Audience Shared-Storage Topics ,,https://privacy-sandbox-demos-dsp-b.dev
JZCDE,Google LLC (Privacy Sandbox Demos),,Attribution-Reporting Private-Aggregation Protected-Audience Shared-Storage Topics ,,https://privacy-sandbox-demos-ssp-a.dev
T2R4J,Google LLC (Privacy Sandbox Demos),,Attribution-Reporting Private-Aggregation Protected-Audience Shared-Storage Topics ,,https://privacy-sandbox-demos-ad-server.dev
UNRJE,Google LLC (Privacy Sandbox Demos),,Attribution-Reporting Private-Aggregation Protected-Audience Shared-Storage Topics ,,https://privacy-sandbox-demos-dsp.dev
VQH96,Google LLC (Privacy Sandbox Demos),,Attribution-Reporting Private-Aggregation Protected-Audience Shared-Storage Topics ,,https://privacy-sandbox-demos-ssp-b.dev
VV8GR,Google LLC (Privacy Sandbox Demos),,Attribution-Reporting Private-Aggregation Protected-Audience Shared-Storage Topics ,,https://privacy-sandcastle-dev-ssp.web.app
XEV44,Google LLC (Privacy Sandbox Demos),,Attribution-Reporting Private-Aggregation Protected-Audience Shared-Storage Topics ,,https://privacy-sandcastle-dev-ssp-b.web.app
Z7XX7,Google LLC (Privacy Sandbox Demos),,Attribution-Reporting Private-Aggregation Protected-Audience Shared-Storage Topics ,,https://privacy-sandcastle-dev-dsp.web.app
WEWGV,Google LLC (doubleclick.net),Attribution-Reporting Protected-Audience Topics ,Attribution-Reporting Private-Aggregation Protected-Audience Shared-Storage Topics ,com.google.ads.interactivemedia.v3 com.google.android.gms:play-services-ads com.google.android.gms:play-services-ads-lite com.google.android.gms:play-services-afs-native com.google.android.gms:play-services-pal,https://doubleclick.net
PYVXD,Google LLC (google analytics.com),Attribution-Reporting Protected-Audience Topics ,Attribution-Reporting Private-Aggregation Protected-Audience Shared-Storage Topics ,com.google.firebase:firebase-analytics,https://google-analytics.com
WQU8J,Google LLC (googleadservices.com),Attribution-Reporting Protected-Audience ,Attribution-Reporting Private-Aggregation Protected-Audience Shared-Storage ,,https://googleadservices.com
FC4CH,Google LLC (googlesyndication.com),,Private-Aggregation Shared-Storage ,,https://googlesyndication.com
QABCQ,Groundhog Technologies,,Attribution-Reporting Private-Aggregation Protected-Audience Shared-Storage Topics ,,https://ghtinc.com
37E57,GumGum,,Attribution-Reporting Private-Aggregation Protected-Audience Shared-Storage Topics ,,https://gumgum.com
423T5,Gunosy Inc.,Attribution-Reporting Protected-Audience ,Attribution-Reporting Protected-Audience Shared-Storage Topics ,,https://gunosy.com
HGY6Q,HGY6Q,,Attribution-Reporting Private-Aggregation Protected-Audience Shared-Storage Topics ,,https://mediacategory.com
T2HZ9,Human Security,,Attribution-Reporting Private-Aggregation Protected-Audience Shared-Storage Topics ,,https://crcldu.com
8NF44,HyperTv srl,,Attribution-Reporting Private-Aggregation Protected-Audience Shared-Storage Topics ,,https://connected-stories.com
M9G8A,HyprMX,Attribution-Reporting Protected-Audience Topics ,,com.hyprmx.android:HyprMX-SDK,https://hyprmx.com
N5H47,IPSOS MORI UK LIMITED,,Private-Aggregation Shared-Storage ,,https://lab-dotmetrics.ninja
B4HFV,InMobi,Attribution-Reporting Protected-Audience Topics ,Attribution-Reporting Private-Aggregation Protected-Audience Shared-Storage Topics ,com.inmobi.monetization:inmobi-ads-kotlin,https://inmobi.com
9HW4Q,Index Exchange,,Attribution-Reporting Private-Aggregation Protected-Audience Shared-Storage Topics ,,https://casalemedia.com
FDAZH,Index Exchange,,Attribution-Reporting Private-Aggregation Protected-Audience Shared-Storage Topics ,,https://indexww.com
4BCNB,Infillion,,Attribution-Reporting Private-Aggregation Protected-Audience Shared-Storage Topics ,,https://mediamath.com
2PG59,Innovid Corp,,Attribution-Reporting Private-Aggregation Protected-Audience Shared-Storage Topics ,,https://innovid.com
YD9F5,Integral Ad Science,,Attribution-Reporting Private-Aggregation Protected-Audience Shared-Storage Topics ,,https://adsafeprotected.com
4FADR,Intimate Merger Inc.,,Attribution-Reporting Private-Aggregation Protected-Audience Shared-Storage Topics ,,https://im-apps.net
ZQ9R9,IronSource Ltd.,Attribution-Reporting Protected-Audience Topics ,,com.ironsource.sdk,https://ironsrc.mobi
JM6ED,JM6ED,,Attribution-Reporting Private-Aggregation Protected-Audience Shared-Storage Topics ,,https://dabbs.net
NWNZQ,Jampp,Attribution-Reporting ,,,https://jampp.net
EX9NH,Jivox,,Attribution-Reporting Private-Aggregation Protected-Audience Shared-Storage Topics ,,https://jivox.com
2PP3A,Jixie Pte Ltd,,Attribution-Reporting Private-Aggregation Protected-Audience Shared-Storage Topics ,,https://jixie.io
NWR3W,KELKOO.COM (UK) LIMITED,,Attribution-Reporting Private-Aggregation Protected-Audience Shared-Storage Topics ,,https://kelkoogroup.net
349BU,Kakao Corp,Attribution-Reporting Protected-Audience Topics ,Attribution-Reporting Private-Aggregation Protected-Audience Shared-Storage Topics ,com.kakao.adfit.ads,https://daum.net
BEUDY,Kargo,,Attribution-Reporting Protected-Audience Shared-Storage Topics ,,https://kargo.com
G4VE2,Kidoz Inc.,Attribution-Reporting Protected-Audience Topics ,Attribution-Reporting Private-Aggregation Protected-Audience Shared-Storage Topics ,net.kidoz.sdk,https://kidoz.net
T37MG,Knorex Inc,,Attribution-Reporting Private-Aggregation Protected-Audience Shared-Storage Topics ,,https://brand-display.com
C5E3F,Kochava,Attribution-Reporting Protected-Audience ,Attribution-Reporting Protected-Audience Topics ,,https://adsmeasurement.com
5BT47,LOGLY Inc.,,Attribution-Reporting Topics ,,https://logly.co.jp
PKQCQ,LTIMindtree,,Attribution-Reporting Protected-Audience Topics ,,https://marutishanbhag.com
KC23F,Lei Chi Technology Co. Ltd.,,Attribution-Reporting Private-Aggregation Shared-Storage ,,https://jkforum.net
FWD4N,LineYahoo (formerly Yahoo Japan Corporation),Protected-Audience ,Attribution-Reporting Private-Aggregation Protected-Audience Shared-Storage Topics ,,https://yahoo.co.jp
G5TPR,LinkedIn,Attribution-Reporting ,Attribution-Reporting Private-Aggregation Shared-Storage ,,https://linkedin.com
3E2ZH,Livewrapped AB,,Protected-Audience Topics ,,https://lwadm.com
G3MKW,Lucead,,Attribution-Reporting Private-Aggregation Protected-Audience Shared-Storage Topics ,,https://lucead.com
KPJM7,MOSHIMO CO. LTD.,,Attribution-Reporting ,,https://moshimo.com
NYXGD,Magnite,,Protected-Audience Topics ,,https://rubiconproject.com
3T339,Mass Luminosity Inc.,,Attribution-Reporting Protected-Audience Topics ,,https://beaconmax.com
BCYEB,Media.Net Advertising FZ LLC,,Attribution-Reporting Private-Aggregation Protected-Audience Shared-Storage Topics ,,https://media.net
9RN9C,Mediaocean,,Attribution-Reporting Private-Aggregation Protected-Audience Shared-Storage Topics ,,https://flashtalking.com
PQEEE,Mediavine,,Attribution-Reporting Private-Aggregation Protected-Audience Shared-Storage Topics ,,https://mediavine.com
ZJVA2,Merkle Italia SRL,,Attribution-Reporting Private-Aggregation Protected-Audience Shared-Storage Topics ,,https://aggregation-service-site-dot-clz200258-datateam-italy.ew.r.appspot.com
AE8AA,Meta,Attribution-Reporting ,Attribution-Reporting ,,https://facebook.com
7ACAW,MiQ Digital LTD,Attribution-Reporting Protected-Audience ,Attribution-Reporting Private-Aggregation Protected-Audience Shared-Storage Topics ,,https://edkt.io
7JXQV,MicroAd Inc.,,Attribution-Reporting Private-Aggregation Protected-Audience Shared-Storage Topics ,,https://microad.jp
6YHVH,Microsoft Corporation (adnxs.com),,Attribution-Reporting Private-Aggregation Protected-Audience Shared-Storage Topics ,,https://adnxs.com
9HYBP,Microsoft Corporation (bing.com),,Attribution-Reporting Private-Aggregation Protected-Audience Shared-Storage Topics ,,https://bing.com
5HMYF,Microsoft Corporation (xandr.com),,Attribution-Reporting Private-Aggregation Protected-Audience Shared-Storage Topics ,,https://xandr.com
CZ3BG,MobileFuse,Protected-Audience Topics ,,com.mobilefuse.sdk,https://mobilefuse.com
FUA8P,Momento Inc.,Protected-Audience Topics ,Private-Aggregation Protected-Audience Shared-Storage Topics ,com.momento.ads,https://momento.dev
MB7XE,Monet Engine Inc. DBA AdaptMX,,Private-Aggregation Protected-Audience Shared-Storage Topics ,,https://a-mo.net
TMMWP,NAVER Corporation,,Attribution-Reporting Private-Aggregation Protected-Audience Shared-Storage Topics ,,https://naver.com
W85GW,NBCUniversal Media LLC,Attribution-Reporting Protected-Audience ,Attribution-Reporting Private-Aggregation Protected-Audience Shared-Storage Topics ,,https://peacocktv.com
3PPNA,NHN ACE Corporation.,Protected-Audience Topics ,Attribution-Reporting Private-Aggregation Protected-Audience Shared-Storage Topics ,com.nhnace.adlib,https://nhnace.com
B97MF,NTT DOCOMO INC.,,Attribution-Reporting Protected-Audience Topics ,,https://docomo.ne.jp
VX5YX,Nativo,Attribution-Reporting Protected-Audience Topics ,Attribution-Reporting Protected-Audience Topics ,net.nativo.sdk,https://postrelease.com
UEQVY,NewsTV Inc.,,Attribution-Reporting Topics ,,https://primecaster.net
2FMQP,Newscorp,,Attribution-Reporting Private-Aggregation Protected-Audience Shared-Storage Topics ,,https://nypost.com
NQQWZ,Nextroll,,Attribution-Reporting Private-Aggregation Protected-Audience Shared-Storage ,,https://adroll.com
CR98Z,Nexxen,,Protected-Audience Topics ,,https://nexxen.tech
6X8E2,Nexxen Inc,,Protected-Audience Topics ,,https://unrulymedia.com
XME5U,Nielsen,,Attribution-Reporting Private-Aggregation Protected-Audience Shared-Storage Topics ,,https://imrworldwide.com
ZYGVN,Ninja Tools Inc.,,Protected-Audience ,,https://shinobi.jp
779BZ,OGGEH Inc,,Attribution-Reporting Private-Aggregation Protected-Audience Shared-Storage Topics ,,https://oggeh.com
N3HKH,Ogury,Topics ,Private-Aggregation Shared-Storage Topics ,com.ogury.sdk,https://presage.io
AVUPV,OneAD Inc.,,Attribution-Reporting Private-Aggregation Protected-Audience Shared-Storage Topics ,,https://guoshipartners.com
D3942,Onetag Limited,,Attribution-Reporting Private-Aggregation Protected-Audience Shared-Storage Topics ,,https://onetag-sys.com
EQA4Z,OpenX Technologies Inc,,Attribution-Reporting Private-Aggregation Protected-Audience Shared-Storage Topics ,,https://openx.net
42Y3Q,Opera Software Ireland Ltd.,,Topics ,,https://apex-football.com
6B2TB,Optable Technologies Inc,Attribution-Reporting Protected-Audience Topics ,Attribution-Reporting Private-Aggregation Protected-Audience Shared-Storage Topics ,co.optable.android_sdk,https://optable.co
92TPZ,Outbrain Inc.,Protected-Audience Topics ,Attribution-Reporting Private-Aggregation Protected-Audience Shared-Storage Topics ,com.outbrain.mobile:obsdk,https://outbrain.com
J6MJJ,Ozone Project,Protected-Audience ,Private-Aggregation Protected-Audience Shared-Storage Topics ,,https://thesun.co.uk
VGVDD,PM Dragonfly,,Attribution-Reporting Topics ,,https://pmdragonfly.com
9UMK7,Permutive,,Topics ,,https://permutive.app
9A48G,Phaistos Networks S.A.,,Attribution-Reporting Protected-Audience Topics ,,https://grxchange.gr
BF6YM,Pinterest,Attribution-Reporting ,Attribution-Reporting ,,https://pinterest.com
Q282V,Platform161 BV,Protected-Audience ,Attribution-Reporting Protected-Audience Topics ,,https://creative-serving.com
GZBRJ,Pranify,,Attribution-Reporting Private-Aggregation Protected-Audience Shared-Storage Topics ,,https://gnome-rx.com
NU6VN,Preciso SRL,,Protected-Audience Topics ,,https://2trk.info
NXW9E,PrimeAudience,,Topics ,,https://authorizedvault.com
ER34T,Programmatic Mechanics,Attribution-Reporting Protected-Audience ,Attribution-Reporting Protected-Audience Topics ,,https://pontiac.media
5PTRE,Propeller Ads Ltd,,Attribution-Reporting Private-Aggregation Protected-Audience Shared-Storage Topics ,,https://tpmark.net
HR4V2,Protected Media,,Attribution-Reporting Private-Aggregation Protected-Audience Shared-Storage Topics ,,https://ad-score.com
KR8EJ,PubMatic Inc.,Protected-Audience Topics ,Attribution-Reporting Private-Aggregation Protected-Audience Shared-Storage Topics ,com.pubmatic.sdk,https://pubmatic.com
QWNBH,QWNBH,,Attribution-Reporting Private-Aggregation Protected-Audience Shared-Storage Topics ,,https://marisachi426.com
79RKN,Quantcast,,Attribution-Reporting Private-Aggregation Protected-Audience Shared-Storage Topics ,,https://quantserve.com
KFBTT,Quora Inc.,,Attribution-Reporting Private-Aggregation Protected-Audience Topics ,,https://quora.com
WFTMY,R2B2 a.s.,,Protected-Audience Topics ,,https://r2b2.io
7NGYW,REA Group,,Protected-Audience Topics ,,https://realestate.com.au
G575K,RESPONSE PERFORMANCE LTD,,Attribution-Reporting Topics ,,https://audiencemanager.de
QU66H,Raptive (Formerly: Adthrive CMI Marketing Inc),,Attribution-Reporting Private-Aggregation Protected-Audience Shared-Storage Topics ,,https://adthrive.com
QFQT6,Readpeak Oy,,Attribution-Reporting Private-Aggregation Protected-Audience Shared-Storage Topics ,,https://readpeak.com
EPNNE,Relay42 Netherlands B.V.,,Attribution-Reporting Protected-Audience Shared-Storage ,,https://explorefledge.com
BZ2MB,Relevant Digital Oy,Protected-Audience ,Attribution-Reporting Private-Aggregation Protected-Audience Shared-Storage Topics ,,https://relevant-digital.com
GNR8D,Retargetly,,Protected-Audience Topics ,,https://retargetly.com
RWVBQ,RevX,Attribution-Reporting Protected-Audience ,Attribution-Reporting Private-Aggregation Protected-Audience Shared-Storage ,,https://atomex.net
VNDFT,Ringier Axel Springer Polska,,Attribution-Reporting Protected-Audience Topics ,,https://onet.pl
KF9RT,Rtb House,Protected-Audience ,Attribution-Reporting Private-Aggregation Protected-Audience Shared-Storage Topics ,,https://creativecdn.com
QCNYX,SBI Holdings Inc.,,Attribution-Reporting ,,https://eloan.co.jp
N893C,SFBX,,Shared-Storage Topics ,,https://appconsent.io
ANNUH,SMN Corporation,,Attribution-Reporting Private-Aggregation Protected-Audience Shared-Storage Topics ,,https://ladsp.com
6PJYG,Sabio Inc,Attribution-Reporting Protected-Audience ,Attribution-Reporting Private-Aggregation Protected-Audience ,,https://appscience.inc
NZXKT,Seedtag,,Attribution-Reporting Protected-Audience Shared-Storage Topics ,,https://seedtag.com
DWECP,Semafor Inc.,,Topics ,,https://semafor.com
DRPWA,Sephora USA Inc,,Topics ,,https://sephora.com
TDW7J,SevenData S.p.a.,,Attribution-Reporting Private-Aggregation Protected-Audience Shared-Storage Topics ,,https://shinystat.com
36YKZ,Sharethrough,,Attribution-Reporting Protected-Audience Topics ,,https://sharethrough.com
X7W29,Singular,Attribution-Reporting Protected-Audience Topics ,Attribution-Reporting Private-Aggregation Protected-Audience Shared-Storage Topics ,com.singular.sdk,https://singular.net
XCBNH,Smadex SLU,Attribution-Reporting Protected-Audience ,Attribution-Reporting Protected-Audience ,,https://smadexprivacysandbox.com
RJ2K6,Snap Inc,Attribution-Reporting Topics ,Attribution-Reporting Topics ,com.snap.adkit,https://snapchat.com
WHZPY,Sowelleber Corporation,,Topics ,,https://boost-web.com
589U4,Sportradar,,Attribution-Reporting Private-Aggregation Protected-Audience Shared-Storage Topics ,,https://sportradarserving.com
A7UPK,StackAdapt Inc.,,Attribution-Reporting ,,https://stackadapt.com
TKMHM,Start.io,Attribution-Reporting Protected-Audience Topics ,,com.startapp:inapp-sdk,https://startappservice.com
WV7E6,Storygize Inc,,Attribution-Reporting Protected-Audience Topics ,,https://storygize.net
BUWAE,Stroer SSP GmbH,,Protected-Audience Topics ,,https://adscale.de
RPEW4,Sulvo LLC,Protected-Audience ,Protected-Audience Shared-Storage Topics ,,https://demand.supply
YRDFA,Superfine,Protected-Audience ,Attribution-Reporting Protected-Audience Topics ,,https://superfine.org
JUD2H,Supership Inc.,,Topics ,,https://socdm.com
4MCGY,THE NEWCO S.R.L.,Protected-Audience ,Attribution-Reporting Private-Aggregation Protected-Audience Shared-Storage Topics ,,https://tncid.app
KYFBB,TIKTOK PTE. LTD.,Attribution-Reporting ,Attribution-Reporting Topics ,,https://tiktok.com
6MP6Q,TOTVS LARGE ENTERPRISE TECNOLOGIA SA,,Attribution-Reporting Protected-Audience Shared-Storage Topics ,,https://tailtarget.com
TUEU7,TUEU7,,Attribution-Reporting Private-Aggregation Protected-Audience Shared-Storage Topics ,,https://datasmithlab.com
GEY6G,Tangoo SRL,,Protected-Audience Topics ,,https://tangooserver.com
R6BFT,Target Video GmbH (formerly Brid Video doo (Brid.Tv)),Protected-Audience Topics ,,tv.brid.sdk,https://brid.tv
UDAM9,Teads,,Attribution-Reporting Private-Aggregation Protected-Audience Shared-Storage Topics ,,https://teads.tv
376QP,Thank You Analytics,,Attribution-Reporting ,,https://tya-dev.com
7Y7JH,The Trade Desk,,Attribution-Reporting Private-Aggregation Protected-Audience Shared-Storage Topics ,,https://adsrvr.org
H9JV8,TopOn,Attribution-Reporting Protected-Audience Topics ,Attribution-Reporting Private-Aggregation Protected-Audience Shared-Storage Topics ,com.anythink.sdk,https://toponad.com
VTN97,Topebox,Protected-Audience ,,,https://topebox.com
3E8A5,Trakken GmbH,,Attribution-Reporting Private-Aggregation Protected-Audience Topics ,,https://trkkn.com
2BYMQ,Transfon Ltd,,Attribution-Reporting Private-Aggregation Protected-Audience Shared-Storage Topics ,,https://pubtm.com
MDAR2,Trip.com Travel Singapore Pte. Ltd.,Attribution-Reporting ,Attribution-Reporting ,,https://trip.com
PEDPR,TripleLift Inc.,,Attribution-Reporting Private-Aggregation Protected-Audience Shared-Storage Topics ,,https://3lift.com
3TFJD,Triptease Ltd,,Attribution-Reporting Private-Aggregation Protected-Audience Shared-Storage Topics ,,https://triptease.io
JWQZ5,Undertone,,Attribution-Reporting Protected-Audience Topics ,,https://undertone.com
7QEN3,United Marketing Technologies Inc.,,Attribution-Reporting Private-Aggregation Protected-Audience Shared-Storage Topics ,,https://bypass.jp
GZRKK,United Marketing Technologies Inc.,,Protected-Audience Shared-Storage Topics ,,https://dreammail.jp
XZP6J,United Marketing Technologies Inc.,Protected-Audience Topics ,Private-Aggregation Protected-Audience Shared-Storage Topics ,com.ad_stir.develop.adstirwebviewsdk,https://ad-stir.com
FR3MW,Unity Technologies,Attribution-Reporting Protected-Audience Topics ,,com.unity3d.ads com.unity3d.ads.sdkruntime,https://unity3d.com
3F2UQ,Universo Online S/A,,Attribution-Reporting Private-Aggregation Protected-Audience Shared-Storage Topics ,,https://uol.com.br
9UDTY,VK LLC,Attribution-Reporting Protected-Audience Topics ,Attribution-Reporting Private-Aggregation Protected-Audience Shared-Storage Topics ,com.my.target,https://mail.ru
ZK7QW,VPON TAIWAN INC.,Attribution-Reporting Protected-Audience Topics ,Attribution-Reporting Private-Aggregation Protected-Audience Shared-Storage Topics ,com.vpon.ads,https://vpadn.com
T5WFH,Verdens Gang AS,,Attribution-Reporting Private-Aggregation Protected-Audience Shared-Storage Topics ,,https://vg.no
TE565,Verve Group,Protected-Audience Topics ,Private-Aggregation Protected-Audience Shared-Storage Topics ,net.pubnative.lite.sdk,https://verve.com
PWAF4,Vidazoo Ltd.,,Protected-Audience Topics ,,https://vidazoo.com
56UJ4,Virtuaconcept,,Attribution-Reporting Private-Aggregation Protected-Audience Shared-Storage Topics ,,https://ayads.io
XZJHV,Virtual Minds GmbH,,Attribution-Reporting Protected-Audience Topics ,,https://yieldlab.net
M2XT6,WP Company LLC,Protected-Audience ,Attribution-Reporting Private-Aggregation Protected-Audience Shared-Storage Topics ,,https://washingtonpost.com
74B7K,Weborama SAS,,Attribution-Reporting Private-Aggregation Shared-Storage ,,https://weborama-tech.ru
J7P9Q,Weborama SAS,Attribution-Reporting ,Attribution-Reporting Private-Aggregation Shared-Storage ,,https://weborama.fr
E8EA2,Wirtualna Polska Holding,,Protected-Audience ,,https://wp.pl
AKPK3,World History Publishing Ltd,,Protected-Audience Topics ,,https://worldhistory.org
DF832,Wunderkind,,Attribution-Reporting Private-Aggregation Protected-Audience Shared-Storage Topics ,,https://bounceexchange.com
XVU54,XVU54,,Attribution-Reporting Private-Aggregation Protected-Audience Shared-Storage Topics ,,https://theryn.io
822UY,YRGLM Inc,,Attribution-Reporting ,,https://ebis.ne.jp
QKTPX,Yahoo Inc,,Attribution-Reporting Private-Aggregation Protected-Audience Shared-Storage Topics ,,https://yahoo.com
ARX6U,Yandex,Protected-Audience Topics ,Attribution-Reporting Private-Aggregation Protected-Audience Shared-Storage Topics ,com.yandex.android:mobileads,https://yandex.ru
TMAHE,Yelp,,Attribution-Reporting Private-Aggregation Protected-Audience Shared-Storage Topics ,,https://yelp.com
7UM4P,Yieldmo,Attribution-Reporting Protected-Audience ,Attribution-Reporting Protected-Audience Shared-Storage Topics ,,https://yieldmo.com
Q2TVW,YipitData,,Attribution-Reporting Private-Aggregation Protected-Audience Shared-Storage Topics ,,https://yipitdata.com
N2U43,ZAM Network LLC,,Attribution-Reporting Private-Aggregation Protected-Audience Shared-Storage Topics ,,https://fanbyte.com
NCWCW,Zeta Global,,Protected-Audience Topics ,,https://disqus.com
H8XZH,admitad GmbH,Protected-Audience ,Attribution-Reporting Private-Aggregation Protected-Audience Shared-Storage Topics ,,https://admitad.com
69R2E,aniview,,Private-Aggregation Protected-Audience Shared-Storage Topics ,,https://aniview.com
3J2UJ,eBay,,Attribution-Reporting ,,https://ebayadservices.com
FTA5F,easy Marketing GmbH,Attribution-Reporting Protected-Audience ,Attribution-Reporting Private-Aggregation Protected-Audience Shared-Storage Topics ,,https://mediaintelligence.de
NZQP8,enliple,,Topics ,,https://mobon.net
24BP4,fluct Inc.,,Attribution-Reporting Private-Aggregation Protected-Audience Shared-Storage Topics ,,https://adingo.jp
29MZX,i mobile Co.Ltd.,,Attribution-Reporting Topics ,,https://i-mobile.co.jp
GGRXM,iObeya,,Attribution-Reporting Protected-Audience Topics ,,https://iobeya.com
37T3X,justtrack GmbH,Attribution-Reporting ,,,https://justtrack.io
N4Q62,remerge GmbH,Attribution-Reporting Protected-Audience ,,,https://remerge.sb
B98AH,taboola.com,Attribution-Reporting Protected-Audience Topics ,Attribution-Reporting Protected-Audience Topics ,com.taboola.android,https://taboola.com
2BPT6,yettiesoft,,Shared-Storage ,,https://yets.io
